Фамилия,Имя,Отчество,Пол,Дата рождения,Возраст,Номер телефона
Катрановский,Семен,Феоктистович,Мужчина,03.02.1976,48,+7 (925) 979-21-35
Вельяминов,Данила,Ильич,Мужчина,06.02.1967,57,+7 (917) 598-72-31
Смолянинов,Яков,Данилович,Мужчина,01.04.1971,53,+7 (926) 329-81-89
Ястремский,Валентин,Климентович,Мужчина,03.08.1963,60,+7 (962) 356-84-40
Ширинов,Антон,Саввеевич,Мужчина,27.12.1975,48,+7 (921) 516-37-13
Пондяков,Гавриил,Никанорович,Мужчина,08.11.1995,28,+7 (984) 186-30-37
Петров,Георгий,Леонтьевич,Мужчина,21.06.1965,58,+7 (963) 772-28-12
Носков,Павел,Павлович,Мужчина,23.01.1994,30,+7 (966) 765-14-22
Кудрявцев,Даниил,Давидович,Мужчина,06.10.1993,30,+7 (918) 551-30-36
Папенин,Гавриил,Ефимович,Мужчина,13.12.1966,57,+7 (956) 406-73-18
Оленев,Максим,Ефимович,Мужчина,10.01.1971,53,+7 (953) 528-63-66
Судленков,Ефим,Вячеславович,Мужчина,10.02.1961,63,+7 (995) 310-24-17
Шурша,Егор,Ефимович,Мужчина,15.01.1992,32,+7 (927) 619-87-17
Сапалёв,Герман,Феоктистович,Мужчина,13.01.1977,47,+7 (982) 453-13-56
Нестеров,Юрий,Николаевич,Мужчина,15.08.1985,38,+7 (916) 811-62-31
Авдонин,Константин,Адамович,Мужчина,08.10.1969,54,+7 (910) 664-25-65
Вергунов,Ефрем,Емельянович,Мужчина,19.08.1969,54,+7 (918) 741-16-11
Тукай,Александр,Севастьянович,Мужчина,14.07.1963,60,+7 (952) 484-90-62
Мосенцов,Антон,Игнатьевич,Мужчина,14.12.1989,34,+7 (983) 943-85-56
Юдин,Константин,Юринович,Мужчина,22.03.1990,34,+7 (940) 347-13-18
Ассоров,Ефим,Прохорович,Мужчина,25.05.1968,55,+7 (958) 846-47-95
Полотенцев,Кузьма,Макарович,Мужчина,16.07.1972,51,+7 (954) 370-13-61
Кочергин,Арсений,Лаврентиич,Мужчина,04.03.1994,30,+7 (907) 845-26-49
Моряев,Яков,Федорович,Мужчина,03.04.1996,28,+7 (962) 826-92-62
Коньяков,Илья,Никитович,Мужчина,09.11.1987,36,+7 (952) 900-73-83
Смолин,Александр,Феоктистович,Мужчина,25.11.1979,44,+7 (978) 485-80-67
Косма,Иван,Семенович,Мужчина,04.06.1970,53,+7 (990) 732-38-90
Козлитин,Константин,Леонтьевич,Мужчина,27.08.1986,37,+7 (970) 116-72-15
Иванков,Дмитрий,Григорьевич,Мужчина,07.01.1979,45,+7 (944) 388-41-42
Ханилов,Алексей,Филиппович,Мужчина,02.02.1991,33,+7 (955) 327-10-42
Рюмов,Аркадий,Гаврннлович,Мужчина,25.05.1981,42,+7 (931) 745-65-89
Яндиев,Сергей,Егорович,Мужчина,27.12.1969,54,+7 (969) 833-95-99
Егоров,Яков,Иннокентиевич,Мужчина,14.10.1975,48,+7 (985) 738-36-62
Котенко,Федор,Филиппович,Мужчина,08.02.1969,55,+7 (926) 744-32-34
Серпионов,Макар,Афанасьевич,Мужчина,04.05.1982,41,+7 (935) 868-31-14
Баринов,Ефрем,Яковлевич,Мужчина,21.02.1963,61,+7 (931) 727-87-64
Шпикалов,Яков,Юлианович,Мужчина,12.07.1996,27,+7 (935) 432-80-36
Цыганков,Константин,Германович,Мужчина,21.05.1985,38,+7 (967) 756-18-36
Кашарин,Алексей,Климентьевич,Мужчина,14.06.1995,28,+7 (916) 380-85-80
Канадов,Федор,Германович,Мужчина,21.07.1960,63,+7 (975) 152-53-82
Колонтаев,Ефим,Нифонтович,Мужчина,12.02.1989,35,+7 (986) 796-48-36
Солодских,Петр,Антонович,Мужчина,18.06.1972,51,+7 (985) 557-49-49
Пончиков,Прохор,Антонович,Мужчина,09.12.1977,46,+7 (908) 819-12-91
Якунчиков,Герман,Наумович,Мужчина,08.09.1961,62,+7 (951) 433-20-37
Епанчин,Кузьма,Никанорович,Мужчина,15.09.1968,55,+7 (972) 258-66-12
Дресвянин,Арсений,Лукьевич,Мужчина,22.04.1991,33,+7 (994) 237-23-73
Крайнев,Иван,Никанорович,Мужчина,11.10.1986,37,+7 (961) 716-13-58
Горчаков,Тарас,Герасимович,Мужчина,15.04.1981,43,+7 (930) 213-81-62
Базин,Тимофей,Фадеевич,Мужчина,14.03.1962,62,+7 (920) 788-84-59
Шмырёв,Михаил,Аркадьевич,Мужчина,24.03.1984,40,+7 (947) 113-58-70
Груздев,Семен,Евгеньевич,Мужчина,12.10.1962,61,+7 (984) 160-23-77
Репин,Яков,Валерианович,Мужчина,06.10.1995,28,+7 (905) 384-82-53
Лосев,Егор,Кириллович,Мужчина,24.11.1990,33,+7 (906) 813-57-63
Балаев,Леонтий,Себастьянович,Мужчина,07.07.1969,54,+7 (978) 756-22-94
Шибалкин,Ефим,Витальевич,Мужчина,17.07.1987,36,+7 (909) 351-86-81
Мишуринский,Юрий,Никанорович,Мужчина,27.10.1970,53,+7 (906) 981-59-97
Мамин,Максим,Александрович,Мужчина,20.10.1969,54,+7 (935) 132-95-43
Кулатов,Тимофей,Егорович,Мужчина,11.05.1978,45,+7 (982) 395-59-47
Сыров,Юрин,Александрович,Мужчина,22.03.1975,49,+7 (945) 428-47-42
Магазинер,Иван,Климентович,Мужчина,11.06.1969,54,+7 (995) 851-73-23
Власьев,Данила,Макарович,Мужчина,14.12.1988,35,+7 (928) 831-58-66
Колтышев,Савва,Михаилович,Мужчина,15.12.1987,36,+7 (972) 446-74-67
Бугаков,Савва,Александрович,Мужчина,26.02.1972,52,+7 (995) 458-66-21
Теребов,Яков,Лаврентиич,Мужчина,13.04.1994,30,+7 (924) 483-42-94
Синдеев,Юрий,Вениаминович,Мужчина,06.04.1964,60,+7 (943) 419-63-27
Цулукидзе,Аркадий,Фадеевич,Мужчина,25.11.1981,42,+7 (975) 996-86-93
Кудяев,Федор,Валентинович,Мужчина,10.04.1994,30,+7 (965) 367-23-23
Латышев,Игнатий,Никанорович,Мужчина,26.11.1978,45,+7 (961) 986-92-69
Яфаров,Федор,Кириллович,Мужчина,23.06.1991,32,+7 (905) 216-73-60
Носачёв,Михаил,Павлович,Мужчина,08.03.1962,62,+7 (999) 673-99-83
Порошин,Антон,Филиппович,Мужчина,10.07.1964,59,+7 (997) 987-27-61
Брынских,Виктор,Венедиктович,Мужчина,12.03.1993,31,+7 (939) 107-18-55
Другаль,Макар,Петрович,Мужчина,20.09.1962,61,+7 (936) 189-34-36
Печкин,Кирилл,Петрович,Мужчина,25.03.1968,56,+7 (983) 166-69-98
Ивкин,Данила,Севастьянович,Мужчина,19.07.1991,32,+7 (986) 115-45-45
Тарин,Арсений,Климентович,Мужчина,15.08.1975,48,+7 (915) 630-79-29
Поливанов,Филипп,Севастьянович,Мужчина,16.11.1979,44,+7 (941) 375-77-23
Эвентов,Кирилл,Федотович,Мужчина,03.12.1970,53,+7 (917) 640-29-24
Ермолов,Феликс,Юрьевич,Мужчина,05.11.1967,56,+7 (928) 752-38-53
Белоусов,Федот,Арсеньевич,Мужчина,11.07.1986,37,+7 (936) 207-91-11
Сюкосев,Яков,Афанасьевич,Мужчина,28.04.1993,30,+7 (913) 294-69-30
Юбкин,Максим,Георгиевич,Мужчина,04.03.1970,54,+7 (962) 988-59-58
Рудин,Федор,Степанович,Мужчина,13.11.1961,62,+7 (908) 430-28-58
Татаринов,Юлиан,Ростиславович,Мужчина,27.05.1967,56,+7 (931) 548-69-14
Десятков,Василий,Евгениевич,Мужчина,12.09.1968,55,+7 (925) 695-47-16
Хигир,Кирилл,Давидович,Мужчина,21.05.1992,31,+7 (909) 681-61-16
Сальников,Федор,Давидович,Мужчина,11.05.1971,52,+7 (955) 462-97-53
Дёмин,Лев,Георгиевич,Мужчина,13.06.1991,32,+7 (956) 276-68-39
Ивашов,Ефрем,Климентьевич,Мужчина,03.06.1994,29,+7 (931) 565-61-44
Арсеньев,Роман,Игнатьевич,Мужчина,22.07.1990,33,+7 (978) 674-20-27
Овчинников,Данила,Захарович,Мужчина,27.05.1962,61,+7 (999) 815-70-94
Шмагин,Гавриил,Максимоич,Мужчина,17.02.1976,48,+7 (996) 919-56-88
Чазов,Роман,Себастьянович,Мужчина,20.09.1963,60,+7 (977) 224-81-46
Кайпанов,Евгений,Ильич,Мужчина,12.11.1983,40,+7 (961) 958-63-90
Канадцев,Кирилл,Макарович,Мужчина,27.12.1979,44,+7 (943) 548-83-56
Володин,Даниил,Аркадинович,Мужчина,19.01.1993,31,+7 (965) 697-36-55
Трифонов,Емельян,Маркович,Мужчина,18.07.1989,34,+7 (963) 222-18-19
Эзрин,Максим,Севастьянович,Мужчина,06.01.1974,50,+7 (944) 508-53-63
Образцов,Антон,Степанович,Мужчина,04.07.1994,29,+7 (963) 679-84-46
Семин,Филипп,Викторович,Мужчина,26.01.1970,54,+7 (952) 123-75-86
